{"cameraMode":{"drawMode":0,"name":"Shaded","section":"Shading Mode"},"sceneLighting":false,"audioPlay":false,"sceneViewState":{"m_AlwaysRefresh":false,"showFog":true,"showSkybox":false,"showFlares":true,"showImageEffects":true,"showParticleSystems":true,"showVisualEffectGraphs":true,"m_FxEnabled":true},"in2DMode":false,"pivot":{"x":-0.2140301764011383,"y":-0.5689697861671448,"z":4.431732177734375},"rotation":{"x":0.14514920115470887,"y":0.043329812586307529,"z":-0.006375097203999758,"w":0.9884245991706848},"size":5.303782939910889,"orthographic":false}